LeadTimeBucket,Appointments,NoShows,NoShowRate
0d,5213,1113,0.21350469978898906
1-2d,9462,2246,0.23737053477066158
3-5d,12604,3104,0.2462710250714059
6-10d,11221,3171,0.2825951341235184
11-20d,14584,4663,0.3197339550191991
21-30d,9169,3020,0.32937070563856474
31-60d,9706,3205,0.3302081186894704
