SMS_received,Appointments,NoShows,NoShowRate
No SMS,75045,12535,0.16703311346525418
SMS Sent,35482,9784,0.27574544839637
